﻿<parameters>
  <parameter name="IIS Web Application Name" defaultValue="ncms" tags="IisApp">
    <parameterEntry kind="ProviderPath" scope="IisApp" match="^E:\\WSC\\Neighbors-Community-Manager\\Source\\Server\\NeighboursCommunitySystem\.API\\obj\\Release\\Package\\PackageTmp$" />
    <parameterEntry kind="ProviderPath" scope="setAcl" match="^E:\\WSC\\Neighbors-Community-Manager\\Source\\Server\\NeighboursCommunitySystem\.API\\obj\\Release\\Package\\PackageTmp$" />
  </parameter>
  <parameter name="NeighboursCommunitySystem-Web.config Connection String" defaultValue="Server=tcp:ncs.database.windows.net,1433;Database=NCS;User ID=ncs@ncs;Password={your_password_here};Trusted_Connection=False;Encrypt=True;Connection Timeout=30;">
    <parameterEntry kind="XmlFile" scope="E:\\WSC\\Neighbors-Community-Manager\\Source\\Server\\NeighboursCommunitySystem\.API\\obj\\Release\\Package\\PackageTmp\\Web\.config$" match="/configuration/connectionStrings/add[@name='NeighboursCommunitySystem']/@connectionString" />
  </parameter>
  <parameter name="NeighboursCommunitySystem_DatabasePublish-Web.config Connection String" description="NeighboursCommunitySystem Connection String used by Entity Framework Code First Model to deploy the database." defaultValue="Data Source=tcp:ncs.database.windows.net,1433;Initial Catalog=NCS;Integrated Security=False;User ID=ncs@ncs;Password={your_password_here};Connect Timeout=30;Encrypt=True">
    <parameterEntry kind="XmlFile" scope="E:\\WSC\\Neighbors-Community-Manager\\Source\\Server\\NeighboursCommunitySystem\.API\\obj\\Release\\Package\\PackageTmp\\Web\.config$" match="/configuration/connectionStrings/add[@name='NeighboursCommunitySystem_DatabasePublish']/@connectionString" />
  </parameter>
</parameters>